<?xml version="1.0" encoding="UTF-8" ?>
<!DOCTYPE sqlMap PUBLIC "-//iBATIS.com//DTD SQL Map 2.0//EN" "http://ibatis.apache.org/dtd/sql-map-2.dtd">
<sqlMap namespace="com.park.vo.GuestbookVO">
	<insert id="insert" parameterClass="vo">
		insert into guestbook (idx, name, password, memo, ip) 
		values (guestbook_idx_seq.nextval, #name#, #password#, #memo#, #ip#)
	</insert>
	
	<select id="selectCount" resultClass="int">
		select count(*) from guestbook
	</select>
	
	<select id="selectList" parameterClass="java.util.HashMap" resultClass="vo">
		<![CDATA[
		select * from (
			select rownum rnum, TT.* from (
				select * from guestbook order by idx desc
			) TT where rownum <= #endNo#
		) where rnum >= #startNo#
		]]>
	</select>
	
	<select id="selectCountMemo" parameterClass="String" resultClass="int">
		-->
		select count(*) from guestbook where memo like '%'||#item#||'%'
	</select>
	
	<select id="selectListMemo" parameterClass="param" resultClass="vo">
		<![CDATA[
		select * from (
			select rownum rnum, TT.* from (
				select * from guestbook where memo like '%'||#item#||'%' order by idx desc
			) TT where rownum <= #endNo#
		) where rnum >= #startNo#
		]]>
	</select>
	
	<select id="selectCountName" parameterClass="String" resultClass="int">
		select count(*) from guestbook where name like '%'||#item#||'%'
	</select>
	
	<select id="selectListName" parameterClass="param" resultClass="vo">
		<![CDATA[
		select * from (
			select rownum rnum, TT.* from (
				select * from guestbook where name like '%'||#item#||'%' order by idx desc
			) TT where rownum <= #endNo#
		) where rnum >= #startNo#
		]]>
	</select>
		
	<select id="selectCountMemoName" parameterClass="String" resultClass="int">
		select count(*) from guestbook where memo like '%'||#item#||'%' or name like '%'||#item#||'%'
	</select>
		
	<select id="selectListMemoName" parameterClass="param" resultClass="vo">
		<![CDATA[
		select * from (
			select rownum rnum, TT.* from (
				select * from guestbook where memo like '%'||#item#||'%' or name like '%'||#item#||'%' order by idx desc
			) TT where rownum <= #endNo#
		) where rnum >= #startNo#
		]]>
	</select>
	
	<select id="selectCountMulti" parameterClass="param" resultClass="int">
		
		select count(*) from guestbook where 
		<isEqual property="category" compareValue="내용">
			memo like '%'||#item#||'%'
		</isEqual>
		<isEqual property="category" compareValue="이름">
			name like '%'||#item#||'%'
		</isEqual>
		<isEqual property="category" compareValue="내용+이름">
			memo like '%'||#item#||'%' or name like '%'||#item#||'%'
		</isEqual>
	</select>
	
	<select id="selectListMulti" parameterClass="param" resultClass="vo">
		select * from (
			select rownum rnum, TT.* from (
				select * from guestbook where 
				
					<isEqual property="category" compareValue="내용">
						memo like '%'||#item#||'%'
					</isEqual>
					<isEqual property="category" compareValue="이름">
						name like '%'||#item#||'%'
					</isEqual>
					<isEqual property="category" compareValue="내용+이름">
						memo like '%'||#item#||'%' or name like '%'||#item#||'%'
					</isEqual>
				
				order by idx desc
		<![CDATA[
			) TT where rownum <= #endNo#
		) where rnum >= #startNo#
		]]>
	</select>
	<select id="selectByIdx" parameterClass="int" resultClass="vo">
		select * from guestbook where idx = #idx#
	</select>
	
	<delete id="delete" parameterClass="int">
		delete from guestbook where idx = #idx#
	</delete>
	
	<update id="update" parameterClass="vo">
		update guestbook set name = #name#, memo = #memo# where idx = #idx#
	</update>
	
</sqlMap>















