<?xml version="1.0" encoding="UTF-8"?>
<!DOCTYPE sqlMapConfig PUBLIC "-//iBATIS.com//DTD SQL Map Config 2.0//EN" "http://ibatis.apache.org/dtd/sql-map-config-2.dtd">
<sqlMapConfig>
	<properties resource="com/park/ibatis/db.properties" />
	
	<settings 
		cacheModelsEnabled="true" 
		enhancementEnabled="true"
		lazyLoadingEnabled="true" 
		maxRequests="32" 
		maxSessions="10"
		maxTransactions="5" 
		useStatementNamespaces="false" 
	/>
	
	<typeAlias alias="vo" type="com.park.vo.GuestbookVO" />
	<typeAlias alias="param" type="com.park.vo.Param" />
	
	<transactionManager type="JDBC">
		<dataSource type="SIMPLE">
			<property name="JDBC.Driver" value="${driver}" />
			<property name="JDBC.ConnectionURL" value="${url}" />
			<property name="JDBC.Username" value="${username}" />
			<property name="JDBC.Password" value="${password}" />
		</dataSource>
	</transactionManager>
	
	<sqlMap resource="com/park/ibatis/guestbook.xml" />
</sqlMapConfig>









